"","GEOID","club.name","field.name","field.address","lat","lon","nonwhite.perc","poverty.rate"
"1","11001000202","D.C. Stoddert","Jelleff Recreation Center SS #1","3265 S Street, NW, Washington, DC 20007-2945",38.906889,-77.065466,0.152584596221715,0.225467589034076
"2","11001000600","D.C. Stoddert","Sidwell Friends Turf","3825 Wisconsin Ave NW, Washington, DC 20016",38.939047,-77.07457,0.190173655230834,0.0889284126278346
"3","11001000902","D.C. Stoddert","Palisades","5200 Sherier Place NW, Washington, DC 20016",38.925695,-77.103723,0.106720977596741,0.0171079429735234
"4","11001001600","D.C. Stoddert","Shepherd ES","7800 14th St NW, Washington, DC 20012-1490",38.984145,-77.033412,0.733173652694611,0.038572806171649
"5","11001001702","Washington Soccer Club","Takoma Rec Center Field #3","300 Van Buren St NW, Washington, DC 20012",38.969923,-77.016165,0.589685371391502,0.0895375532961627
"6","11001006900","CapitalFC","Watkins Elementary School - DC #1","420 12th Street Southeast, Washington, DC 20003",38.883552,-76.99032,0.292526364053187,0.0389729481889042
"7","11001009505","D.C. Stoddert","Riggs LaSalle Community Center Field #1","501 Riggs Rd, NE, Washington, DC 20011",38.960193,-77.000112,0.943724546464273,0.0967982129560685
"8","11001010500","CapitalFC","Randall Recreation Center #1 Full","25 I Street SW, Washington, DC 20024",38.879211,-77.009787,0.562317144528964,0.121708601521358
"9","24003701300","Davidsonville Athletic Association SC","Davidsonville Park Field B","3042 Patuxent River Road, Davidsonville, MD 21035",38.943094,-76.678714,0.127631404739838,0.0663204155013983
"10","24003701300","Davidsonville Athletic Association SC","Davidsonville Park Field F","3042 Patuxent River Road, Davidsonville, MD 21035",38.943094,-76.678714,0.127631404739838,0.0663204155013983
"11","24003702300","A3","Bell Branch Athletic Complex Field B","2400 Davidsonville Rd, Gambrills, MD 21054",38.985429,-76.669142,0.0469786623632777,0.0152411690873229
"12","24003702300","A3","Bell Branch Athletic Complex Field D2","2400 Davidsonville Rd, Gambrills, MD 21054",38.985429,-76.669142,0.0469786623632777,0.0152411690873229
"13","24003702300","A3","Bell Branch Athletic Complex Field D3","2400 Davidsonville Rd, Gambrills, MD 21054",38.985429,-76.669142,0.0469786623632777,0.0152411690873229
"14","24003702300","A3","Bell Branch Athletic Complex Field D6","2400 Davidsonville Rd, Gambrills, MD 21054",38.985429,-76.669142,0.0469786623632777,0.0152411690873229
"15","24003702300","A3","Bell Branch Athletic Complex Field A","2400 Davidsonville Rd, Gambrills, MD 21054",38.985429,-76.669142,0.0469786623632777,0.0152411690873229
"16","24003702300","A3","Bell Branch Athletic Complex Field D4","2400 Davidsonville Rd, Gambrills, MD 21054",38.985429,-76.669142,0.0469786623632777,0.0152411690873229
"17","24003702402","Maryland Rush","Bates Heritage Turf","121 S. Villa Ave., Annapolis, MD 21401",38.99955,-76.562657,0.158962623951182,0.0190774042220485
"18","24003706500","Maryland Rush","Weems-Whalen Field at Bates Athletic Complex","935 Spa Rd, Annapolis, MD 21401",38.973627,-76.509308,0.281301709873138,0.0671079242507814
"19","24003730504","Arundel Soccer Association","Old Mill HS Turf Field","600 Patriot Ln, Millersville, MD 21108",39.117896,-76.626875,0.457895437009445,0.0697086603698284
"20","24003730603","Severna Park Athletic Association","Kinder Park Lower Kinder 1","1 Gali Sanchez Way, Millersville, MD 21108",39.096409,-76.586173,0.131687242798354,0.0472739820565908
"21","24003730603","Severna Park Athletic Association","Kinder Park Upper Kinder A/B Full Sided","1 Gali Sanchez Way, Millersville, MD 21108",39.096409,-76.586173,0.131687242798354,0.0472739820565908
"22","24003730603","Severna Park Athletic Association","Kinder Park Upper Kinder A","1 Gali Sanchez Way, Millersville, MD 21108",39.096409,-76.586173,0.131687242798354,0.0472739820565908
"23","24003730603","Severna Park Athletic Association","Kinder Park Kinder Middle","1 Gali Sanchez Way, Millersville, MD 21108",39.096409,-76.586173,0.131687242798354,0.0472739820565908
"24","24003731002","Broadneck SC","Broadneck Park A-Upper field","699 College Parkway, Annapolis, MD 21409",39.02713,-76.44487,0.135398230088496,0.0710914454277286
"25","24003731002","Broadneck SC","Broadneck Park B-Lower Field","699 College Parkway, Annapolis, MD 21409",39.02713,-76.44487,0.135398230088496,0.0710914454277286
"26","24003731202","Pasadena Soccer Club","Lake Shore Athletic Complex A","850 Woods Road, Pasadena, MD 21122",39.109913,-76.508713,0.0199642021203359,0.0279498829684703
"27","24003731202","Pasadena Soccer Club","Lake Shore Athletic Complex B","850 Woods Road, Pasadena, MD 21122",39.109913,-76.508713,0.0199642021203359,0.0279498829684703
"28","24003731202","Pasadena Soccer Club","Lake Shore Athletic Complex C","850 Woods Road, Pasadena, MD 21122",39.109913,-76.508713,0.0199642021203359,0.0279498829684703
"29","24003731202","Pasadena Soccer Club","Lake Shore Athletic Complex D","850 Woods Road, Pasadena, MD 21122",39.109913,-76.508713,0.0199642021203359,0.0279498829684703
"30","24003731204","Pasadena Soccer Club","Jacobsville Recreation Area","64 Magothy Beach Rd, Pasadena, MD 21122",39.116636,-76.519217,0.111021850899743,0.0507920953780826
"31","24003731307","Pasadena Soccer Club","Tick Neck Park #1","7750 Edwin Raynor Blvd, Pasadena, MD 21122",39.136181,-76.528514,0.107780052646973,0.0403712980698394
"32","24003731307","Pasadena Soccer Club","Tick Neck Park #2","7750 Edwin Raynor Blvd, Pasadena, MD 21122",39.136181,-76.528514,0.107780052646973,0.0403712980698394
"33","24003731307","Pasadena Soccer Club","Tick Neck Park #3","7750 Edwin Raynor Blvd, Pasadena, MD 21122",39.136181,-76.528514,0.107780052646973,0.0403712980698394
"34","24003731308","Pasadena Soccer Club","Riviera Beach Community Park","131 Meadow Rd, Pasadena, MD 21122",39.16166,-76.517501,0.0656467315716273,0.0486787204450626
"35","24003731308","Pasadena Soccer Club","Muth Field","8513 St Jane Dr, Pasadena, MD 21122",39.161923,-76.511691,0.0656467315716273,0.0486787204450626
"36","24003731309","Pasadena Soccer Club","Rock Creek Park","79 Bar Harbor Rd, Pasadena, MD 21122",39.156081,-76.512388,0.109826589595376,0.0700522534291313
"37","24003740303","Maryland United FC","Annapolis Area Christian Upper","109 Burns Crossing Road Severn, MD 21144",39.104993,-76.685363,0.245670745786193,0.0685026614209674
"38","24003740602","Arundel Soccer Association","Meade HS Field C","1100 Clark Road, Fort George G Meade, MD 20755",39.120626,-76.737258,0.377188594297149,0.114057028514257
"39","24003740900","Arundel Soccer Association","Arundel HS Front Bermuda #2","1001 Annapolis Road, Gambrills, MD 21054",39.074306,-76.680313,0.298231723409871,0.0385325943520718
"40","24003740900","Arundel Soccer Association","Arundel HS Front Bermuda Field","1001 Annapolis Road, Gambrills, MD 21054",39.074306,-76.680313,0.298231723409871,0.0385325943520718
"41","24003751600","Arundel Soccer Association","Crownsville Hospital #3","105 Circle Dr, Crownsville, MD 21032",39.024795,-76.603485,0.0793055829552179,0.0465920651068159
"42","24003751600","Maryland United FC","Indian Creek School","1130 Anne Chambers Way, Crownsville, MD 21032",39.01368,-76.591273,0.0793055829552179,0.0465920651068159
"43","24009860101","Calvert Soccer Association","Dunkirk District Park #7","10750 Southern Maryland Blvd (MD Rt. 4), Dunkirk, MD 20754",38.722636,-76.660678,0.17619926199262,0.0565687789799073
"44","24009860101","Calvert Soccer Association","Dunkirk District Park #4","10750 Southern Maryland Blvd (MD Rt. 4), Dunkirk, MD 20754",38.722636,-76.660678,0.17619926199262,0.0565687789799073
"45","24009860501","Maryland United FC","Calverton School","300 Calverton School Rd, Huntingtown, MD 20639",38.588808,-76.610548,0.151062416998672,0.0251540896218557
"46","24009860702","Calvert Soccer Association","St. John Vianney Catholic Church","105 Vianney Lane, Prince Frederick, MD 20678",38.537667,-76.581149,0.387313205245502,0.116874799871918
"47","24009860703","Calvert Soccer Association","Hallowing Point Park Back 22 (Field 8)","4755 Hallowing Point Rd, Prince Frederick, MD 20678",38.509243,-76.627975,0.360688956433637,0.0734549138804458
"48","24009860703","Calvert Soccer Association","Hallowing Point Park #12","4755 Hallowing Point Rd, Prince Frederick, MD 20678",38.509243,-76.627975,0.360688956433637,0.0734549138804458
"49","24009860703","Calvert Soccer Association","Hallowing Point Park Back 22 (Field 7)","4755 Hallowing Point Rd, Prince Frederick, MD 20678",38.509243,-76.627975,0.360688956433637,0.0734549138804458
"50","24009860801","Calvert Soccer Association","Church by the Chesapeake Field 2 Lower Field","3255 Broomes Island Road, Port Republic, MD 20676",38.488884,-76.538651,0.180026281208936,0.0458796025715956
"51","24017850500","La Plata Soccer Academy","Laurel Springs intermediate field #2","5940 Radio Station Road, La Plata Md, MD 20646",38.510926,-77.030238,0.195370045598036,0.0620834794808839
"52","24017851002","La Plata Soccer Academy","Laurel Spring Regional Park Regulation #1","5940 Radio Station Road, La Plata, MD 20646",38.546805,-76.948473,0.288377805068661,0.105854322668482
"53","24017851301","Alliance Soccer Club","New Market Park Lower Small Sided","5760 Royal Oaks Drive, New Market, MD",38.498038,-76.819177,0.148816936488169,0.0751349107513491
"54","24017851400","La Plata Soccer Academy","Bryantown Sports Complex #12","5665 Bryantown Road, Waldorf, MD 20601",38.557151,-76.84171,0.304895728783317,0.0869856139176982
"55","24017851400","La Plata Soccer Academy","Bryantown Sports Complex #03","5665 Bryantown Road, Waldorf, MD 20601",38.557151,-76.84171,0.304895728783317,0.0869856139176982
"56","24017851400","Waldorf Soccer Club","Bryantown Sports Complex #08","5665 Bryantown Road, Waldorf, MD 20601",38.557151,-76.84171,0.304895728783317,0.0869856139176982
"57","24017851400","Waldorf Soccer Club","Bryantown Sports Complex #06","5665 Bryantown Road, Waldorf, MD 20601",38.557151,-76.84171,0.304895728783317,0.0869856139176982
"58","24021750803","FC Frederick","Gov. Thomas Johnson MS # 3","1730 N Market St, Frederick, MD 21701",39.436034,-77.402543,0.241011772192173,0.0570197248466766
"59","24021750803","FC Frederick","Gov. Thomas Johnson MS #2","1730 N Market St, Frederick, MD 21701",39.436034,-77.402543,0.241011772192173,0.0570197248466766
"60","24021751004","Alliance Soccer Club","Ballenger Creek Park Chuck Foreman Field","5420 Ballenger Creek Pike, Frederick, MD 21703",39.382755,-77.443337,0.211477151965994,0.0463629096722622
"61","24021751802","Alliance Soccer Club","Old National Pike Park 4","12406 Old National Pike, Mt. Airy, MD 21771",39.412596,-77.174775,0.0224943764058986,0.0197697697697698
"62","24021752101","AC Cugini","Friends Meeting School Field 1","3232 Green Valley Road, Ijamsville, MD 21754",39.320766,-77.284353,0.0686512758201701,0.00303766707168894
"63","24021752202","Alliance Soccer Club","Oakdale HS Turf Field","5850 Eagle Head Drive, Ijamsville, MD 21754",39.334227,-77.336544,0.355613701236917,0.00333174678724417
"64","24021752302","FC Frederick","St. John's Catholic Prep #1","3989 Buckeystown Pike, Buckeystown, MD 21717",39.339819,-77.429966,0.06028115320467,0.0307988450433109
"65","24027602304","Soccer Association Of Columbia","Covenant Park 1 B","4560 Centennial Lane, Ellicott City, MD 21042",39.245053,-76.867443,0.32941891071067,0.0159951407167443
"66","24027602304","Soccer Association Of Columbia","Covenant Park #1","4560 Centennial Lane, Ellicott City, MD 21042",39.245053,-76.867443,0.32941891071067,0.0159951407167443
"67","24027602304","Soccer Association Of Columbia","Covenant Park #3","4560 Centennial Lane, Ellicott City, MD 21042",39.245053,-76.867443,0.32941891071067,0.0159951407167443
"68","24027602304","Soccer Association Of Columbia","Covenant Park #6","4560 Centennial Lane, Ellicott City, MD 21042",39.245053,-76.867443,0.32941891071067,0.0159951407167443
"69","24027602304","Soccer Association Of Columbia","Covenant Park #5","4560 Centennial Lane, Ellicott City, MD 21042",39.245053,-76.867443,0.32941891071067,0.0159951407167443
"70","24027602304","Soccer Association Of Columbia","Covenant Park #9A","4560 Centennial Lane, Ellicott City, MD 21042",39.245053,-76.867443,0.32941891071067,0.0159951407167443
"71","24027602304","Soccer Association Of Columbia","Covenant Park #4","4560 Centennial Lane, Ellicott City, MD 21042",39.245053,-76.867443,0.32941891071067,0.0159951407167443
"72","24027603004","Ellicott City Soccer Club","Chapelgate Christian Academy","2600 Marriottsville Road, Marriottsville, MD 21104",39.303752,-76.899395,0.208978548089217,0.044750674811763
"73","24027604002","Thunder Soccer Club","Glenelg High School Field 01","14025 Burntwoods Rd, Glenelg, MD 21737",39.276671,-77.003593,0.135984290623466,0.0123956799214531
"74","24027605102","Thunder Soccer Club","Reservoir High School Field 1 (turf)","11550 Scaggsville Road, Fulton, MD 20759",39.150033,-76.915211,0.315379370799649,0.0592477099980511
"75","24027605602","Soccer Association Of Columbia","Howard CC #1","10901 Little Patuxent Parkway, Columbia, MD 21044",39.215961,-76.884079,0.360839909054434,0.0364737550471063
"76","24027605602","Thunder Soccer Club","Hawthorn Park A","6195 Sunny Spring, Columbia, MD 21044",39.205937,-76.883718,0.360839909054434,0.0364737550471063
"77","24027605602","Thunder Soccer Club","Hawthorn Park B","6195 Sunny Spring, Columbia, MD 21044",39.205937,-76.883718,0.360839909054434,0.0364737550471063
"78","24027605602","Soccer Association Of Columbia","Howard CC #4A","10901 Little Patuxent Parkway, Columbia, MD 21044",39.215961,-76.884079,0.360839909054434,0.0364737550471063
"79","24027606803","Thunder Soccer Club","Hammond High School Turf Field","8800 Guilford Road, Columbia, MD 21046",39.168566,-76.859518,0.389735099337748,0.0710264900662252
"80","24031700304","Future Soccer Club","Ridge Road Recreational Park Field #5 (Games Only)","21155 N Frederick Rd, Germantown, MD 20876",39.204041,-77.245939,0.621458209839953,0.0505038529934796
"81","24031700500","Bethesda Soccer Club","Muldoons Farm #2","18911 Beallsville Road, Poolesville, MD 20837",39.166956,-77.41745,0.168192397207137,0.029145885286783
"82","24031700500","Potomac Soccer Association","Muldoons Farm #5","18911 Beallsville Road, Poolesville, MD 20837",39.166956,-77.41745,0.168192397207137,0.029145885286783
"83","24031700500","Bethesda Soccer Club","Muldoons Farm #1","18911 Beallsville Road, Poolesville, MD 20837",39.166956,-77.41745,0.168192397207137,0.029145885286783
"84","24031700608","Potomac Soccer Association","Greenbriar Local Park #1","12525 Glen rRd, Travillah, MD 20854",39.067276,-77.258074,0.385626493683851,0.0466985973315087
"85","24031700704","Bethesda Soccer Club","Maryland SoccerPlex #15","18031 Central Park Circle, Boyds, MD 20841",39.137122,-77.180403,0.434014020115818,0.11791730474732
"86","24031700704","Bethesda Soccer Club","Maryland SoccerPlex #14","18031 Central Park Circle, Boyds, MD 20841",39.137122,-77.180403,0.434014020115818,0.11791730474732
"87","24031700704","Bethesda Soccer Club","Maryland SoccerPlex #4","18031 Central Park Circle, Boyds, MD 20841",39.137122,-77.180403,0.434014020115818,0.11791730474732
"88","24031700704","Bethesda Soccer Club","Maryland SoccerPlex #16","18031 Central Park Circle, Boyds, MD 20841",39.137122,-77.180403,0.434014020115818,0.11791730474732
"89","24031700704","Bethesda Soccer Club","Maryland SoccerPlex #9","18031 Central Park Circle, Boyds, MD 20841",39.137122,-77.180403,0.434014020115818,0.11791730474732
"90","24031700704","Bethesda Soccer Club","Maryland SoccerPlex #22","18031 Central Park Circle, Boyds, MD 20841",39.137122,-77.180403,0.434014020115818,0.11791730474732
"91","24031700704","D.C. Stoddert","Maryland SoccerPlex #5","18031 Central Park Circle, Boyds, MD 20841",39.137122,-77.180403,0.434014020115818,0.11791730474732
"92","24031700704","Bethesda Soccer Club","Maryland SoccerPlex #7","18031 Central Park Circle, Boyds, MD 20841",39.137122,-77.180403,0.434014020115818,0.11791730474732
"93","24031700704","Maryland Rush Montgomery","Maryland SoccerPlex #13","18031 Central Park Circle, Boyds, MD 20841",39.137122,-77.180403,0.434014020115818,0.11791730474732
"94","24031700704","Maryland Rush Montgomery","Maryland SoccerPlex #7b","18031 Central Park Circle, Boyds, MD 20841",39.137122,-77.180403,0.434014020115818,0.11791730474732
"95","24031700704","Bethesda Soccer Club","Maryland SoccerPlex #3","18031 Central Park Circle, Boyds, MD 20841",39.137122,-77.180403,0.434014020115818,0.11791730474732
"96","24031700704","Maryland Rush Montgomery","Maryland SoccerPlex #12","18031 Central Park Circle, Boyds, MD 20841",39.137122,-77.180403,0.434014020115818,0.11791730474732
"97","24031700704","Maryland Rush Montgomery","Maryland SoccerPlex #7a","18031 Central Park Circle, Boyds, MD 20841",39.137122,-77.180403,0.434014020115818,0.11791730474732
"98","24031700704","Montgomery Soccer Inc.","Maryland SoccerPlex #15b","18031 Central Park Circle, Boyds, MD 20841",39.137122,-77.180403,0.434014020115818,0.11791730474732
"99","24031700704","Maryland Rush Montgomery","Maryland SoccerPlex #13b","18031 Central Park Circle, Boyds, MD 20841",39.137122,-77.180403,0.434014020115818,0.11791730474732
"100","24031700704","Maryland Rush Montgomery","Maryland SoccerPlex #6a","18031 Central Park Circle, Boyds, MD 20841",39.137122,-77.180403,0.434014020115818,0.11791730474732
"101","24031700704","Montgomery Soccer Inc.","Maryland SoccerPlex #12b","18031 Central Park Circle, Boyds, MD 20841",39.137122,-77.180403,0.434014020115818,0.11791730474732
"102","24031700704","Laurel Soccer Club","Maryland SoccerPlex #19a","18031 Central Park Circle, Boyds, MD 20841",39.137122,-77.180403,0.434014020115818,0.11791730474732
"103","24031700704","Laurel Soccer Club","Maryland SoccerPlex #20a","18031 Central Park Circle, Boyds, MD 20841",39.137122,-77.180403,0.434014020115818,0.11791730474732
"104","24031700704","Maryland Rush Montgomery","Maryland SoccerPlex #6","18031 Central Park Circle, Boyds, MD 20841",39.137122,-77.180403,0.434014020115818,0.11791730474732
"105","24031700704","Future Soccer Club","Maryland SoccerPlex #17","18031 Central Park Circle, Boyds, MD 20841",39.137122,-77.180403,0.434014020115818,0.11791730474732
"106","24031700704","Future Soccer Club","Maryland SoccerPlex #2","18031 Central Park Circle, Boyds, MD 20841",39.137122,-77.180403,0.434014020115818,0.11791730474732
"107","24031700704","Potomac Soccer Association","Maryland SoccerPlex #9b","18031 Central Park Circle, Boyds, MD 20841",39.137122,-77.180403,0.434014020115818,0.11791730474732
"108","24031701006","Bethesda Soccer Club","Wootton High School #1 Turf","2100 Wootton Pkwy, Rockville, MD 20850",39.074981,-77.18222,0.294719532249223,0.0254802038416307
"109","24031701307","OBGC","OBGC Community Park #4","4501 Route 108, Olney, MD 20832",39.169469,-77.090871,0.4430823117338,0.0765946760421898
"110","24031701307","OBGC","OBGC Community Park #2B","4501 Route 108, Olney, MD 20832",39.169469,-77.090871,0.4430823117338,0.0765946760421898
"111","24031701307","OBGC","OBGC Community Park #1A","4501 Route 108, Olney, MD 20832",39.169469,-77.090871,0.4430823117338,0.0765946760421898
"112","24031701307","OBGC","OBGC Community Park #2A","4501 Route 108, Olney, MD 20832",39.169469,-77.090871,0.4430823117338,0.0765946760421898
"113","24031701410","Calverton Soccer Club","Fairland Rec Park #5 TURF","3928 Greencastle Rd, Burtonsville,, MD 20866",39.081263,-76.930495,0.761487417052711,0.0553399273819957
"114","24031701410","Maryland United FC","Fairland Park Fields A & B","3928 Greencastle Road, Burtonsville, MD 20866",39.081263,-76.930495,0.761487417052711,0.0553399273819957
"115","24031701414","Calverton Soccer Club","Fairland Center","13313 Old Columbia Pike, Silver Spring, MD 20904",39.074641,-76.958521,0.741739621575826,0.0749069034660556
"116","24031701415","Calverton Soccer Club","William Tyler Page ES #1","13400 Tamarack Rd., Silver Spring, MD 20904",39.074947,-76.982909,0.688243755721198,0.0470855008670135
"117","24031701503","Calverton Soccer Club","Martin Luther King, Jr. Rec Park Turf","1120 Jackson Rd., Silver Spring, MD 20904",39.055504,-76.989663,0.625231053604436,0.040711277491811
"118","24031701503","Takoma Park","Martin Luther King, Jr. Rec Park Field #4","1120 Jackson Rd., Silver Spring, MD 20904",39.055504,-76.989663,0.625231053604436,0.040711277491811
"119","24031702102","Takoma Park","Montgomery Blair HS","51 East, University Blvd, Silver Spring, MD 20901",39.019455,-77.010928,0.147208121827411,0.0199873096446701
"120","24033800203","Calverton Soccer Club","Fairland Aquatic Center soccer field","13820 Old Gunpowder Road, Laurel, MD 20707",39.079915,-76.919708,0.239516864175023,0.0295871559633028
"121","24033800408","Maryland United FC","Holy Trinity School A,B & C","11902 Daisy Lane Glenn Dale, MD 20769",38.978369,-76.799668,0.793409742120344,0.0969914040114613
"122","24033800504","Maryland United FC","Whitemarsh Park (Bowie)","100 White Marsh Park Dr Bowie MD 20716",38.97631,-76.721178,0.329721995094031,0.0298446443172527
"123","24033800504","Maryland United FC","Buckingham Park","2830 Barberry Lane Bowie, MD 20715",38.965102,-76.729908,0.329721995094031,0.0298446443172527
"124","24033800509","Maryland United FC","Riverdale Baptist C & D","1133 Largo Road, Upper Marlboro,MD",38.874684,-76.790249,0.95463730046474,0.0320266720549606
"125","24033800509","Maryland United FC","Queen Anne’s School Fields","14111 Oak Grove Road Upper Marlboro, MD 20774",38.875259,-76.759673,0.95463730046474,0.0320266720549606
"126","24033800509","Maryland United FC","Riverdale Baptist A & B","1133 Largo Road, Upper Marlboro,MD",38.874684,-76.790249,0.95463730046474,0.0320266720549606
"127","24033800515","Maryland United FC","Mitchellville Fields 1-7","3200 Mitchellville Road, Bowie, MD 20716",38.931054,-76.734226,0.654653937947494,0.0495827196858125
"128","24033800516","Maryland United FC","Enfield Chase Fields A & B","3701 Northview Dr, Bowie, MD 20716",38.939862,-76.742108,0.727408886669995,0.0284928767808048
"129","24033800518","Maryland United FC","Church Road Park","2001 Church Rd, Bowie, MD 20721",38.919696,-76.757884,0.821396463889721,0.0224752771950854
"130","24033800519","Maryland United FC","Allen Pond Park (Murtagh 1)","3330 Northview Drive Bowie, MD 20716",38.935763,-76.731336,0.729259811227024,0.0371293296785447
"131","24033800519","Maryland United FC","Allen Pond Park (Murtagh 2)","3330 Northview Drive Bowie, MD 20716",38.935763,-76.731336,0.729259811227024,0.0371293296785447
"132","24033800519","Maryland United FC","Glen Allen Park A & B","15600 Atlantis Dr, Bowie, MD 20716",38.935739,-76.731102,0.729259811227024,0.0371293296785447
"133","24033800519","Maryland United FC","Allen Pond Park (Huston)","3330 Northview Drive Bowie, MD 20716",38.935763,-76.731336,0.729259811227024,0.0371293296785447
"134","24033800519","Maryland United FC","Allen Pond Park (Andy Brown)","3330 Northview Drive Bowie, MD 20716",38.935763,-76.731336,0.729259811227024,0.0371293296785447
"135","24033800601","Future Soccer Club","Marlboro Meadows Field#1 Field 1","4428 Dery Rd, Upper Marlboro, MD 20772",38.828846,-76.70922,0.872319201995012,0.0518703241895262
"136","24033802204","Maryland United FC","Walker Mill Park","Walker Mill Regional Park Walker Mill MD 20747",38.874205,-76.880624,0.981064897232562,0.0895401554404145
"137","24033802204","Ft. Washington","Walker Mill Regional Park Turf","8100 Walker Mill Road, District Heights, MD 20747",38.875112,-76.878874,0.981064897232562,0.0895401554404145
"138","24033806000","Ft. Washington","Heurich Park Turf Field","2916 Nicholson Street, Hyattsville, MD 20782",38.962334,-76.968537,0.808549175873936,0.136388335446477
"139","24037875202","St Mary's Soccer","Chaptico Park Field 2","26600 Budds Creek Road, Mechanicsville, MD 20659",38.373008,-76.808487,0.122024278732461,0.0621137696086199
"140","24037875400","St Mary's Soccer","St. Mary's Ryken High School Turf","22600 Camp Calvert Road, Leonardtown, MD 20650",38.28401,-76.629801,0.110235070813257,0.0635059994146912
"141","24037876002","St Mary's Soccer","Chancellors Run Reg Park #4","21905 Chancellors Run Road, Great Mills, MD 20634",38.275954,-76.49471,0.346530041918957,0.123602050326188
"142","24037876002","St Mary's Soccer","Chancellors Run Reg Park #4B","21905 Chancellors Run Road, Great Mills, MD 20634",38.275954,-76.49471,0.346530041918957,0.123602050326188
"143","24037876002","St Mary's Soccer","Chancellors Run Reg Park #1","21905 Chancellors Run Road, Great Mills, MD 20634",38.275954,-76.49471,0.346530041918957,0.123602050326188
"144","24037876002","St Mary's Soccer","Chancellors Run Reg Park #2","21905 Chancellors Run Road, Great Mills, MD 20634",38.275954,-76.49471,0.346530041918957,0.123602050326188
"145","24037876002","St Mary's Soccer","Chancellors Run Reg Park #3","21905 Chancellors Run Road, Great Mills, MD 20634",38.275954,-76.49471,0.346530041918957,0.123602050326188
"146","24043010400","Hagerstown Soccer Club","Hagerstown SC Complex #6","13317 Cearfoss Pike, Hagerstown, MD 21740",39.678552,-77.755837,0.200532284193474,0.115829669058088
"147","24043010900","Antietam United Soccer Club","Fountain Rock Elementary Field #1","17145 Lappans Road, Hagerstown, MD 21740",39.571799,-77.772927,0.0643516270033997,0.0278462296697881
"148","24043010900","Antietam United Soccer Club","St. James School Grass Field #1","17641 College Road, Hagerstown, MD 21740",39.576669,-77.758343,0.0643516270033997,0.0278462296697881
"149","24043010900","Antietam United Soccer Club","St. James School Turf Field","17641 College Road, Hagerstown, MD 21740",39.576669,-77.758343,0.0643516270033997,0.0278462296697881
"150","51013100200","Arlington Soccer Association","Williamsburg MS 1A","3600 N Harrison St, Arlington, VA 22207",38.907654,-77.145992,0.080607476635514,0.0238025700934579
"151","51013100200","Arlington Soccer Association","Williamsburg MS 1B","3600 N Harrison St, Arlington, VA 22207",38.907654,-77.145992,0.080607476635514,0.0238025700934579
"152","51013100200","Alexandria Soccer Association","Greenbrier Pk Upper (Yorktown HS Stad.)","2700 Greenbrier Street, Arlington, VA 22207",38.900236,-77.139393,0.080607476635514,0.0238025700934579
"153","51013100200","Arlington Soccer Association","Williamsburg MS #1","3600 N Harrison St, Arlington, VA 22207",38.907654,-77.145992,0.080607476635514,0.0238025700934579
"154","51013100200","Arlington Soccer Association","Williamsburg MS 2A","3600 N Harrison St, Arlington, VA 22207",38.907654,-77.145992,0.080607476635514,0.0238025700934579
"155","51013100900","Arlington Soccer Association","Fields Park","850 N. George Mason Drive, Arlington, VA 22207",38.887699,-77.128058,0.187381703470032,0.0420609884332282
"156","51013101000","Arlington Soccer Association","Long Bridge Park 3","475 S. Old Jefferson Davis Highway, Arlington, VA 22207",38.895635,-77.140467,0.178375076359194,0.0403176542455712
"157","51013101000","Arlington Soccer Association","Long Bridge Park #4","475 S. Old Jefferson Davis Highway, Arlington, VA 22207",38.895635,-77.140467,0.178375076359194,0.0403176542455712
"158","51013101000","Arlington Soccer Association","Long Bridge Park #4A","475 S. Old Jefferson Davis Highway, Arlington, VA 22207",38.895635,-77.140467,0.178375076359194,0.0403176542455712
"159","51013101100","Arlington Soccer Association","Benjamin Banneker Park","6501 N. 16th Street, Arlington, VA 22205",38.881611,-77.15536,0.0925155925155925,0.0280665280665281
"160","51013101402","Arlington Soccer Association","Washington-Lee HS Stadium","1301 N. Stafford Street, Arlington, VA 22201",38.887388,-77.111131,0.227839789888378,0.0399208182118113
"161","51013101404","Arlington Soccer Association","Quincy Street","1019 N Quincy St, Arlington, VA 22201",38.883395,-77.10778,0.252479517033204,0.0692108667529107
"162","51013102100","Arlington Soccer Association","Kenmore MS Kenmore II","200 S Carlin Springs Road, Arlington, VA 22204",38.864486,-77.128729,0.323993685872139,0.156576200417537
"163","51013103502","Arlington Soccer Association","Virginia Highlands #2 (9v9)","1600 S. Hayes St, Arlington, VA 22202",38.858846,-77.059418,0.334570368255781,0.0972388955582233
"164","51013103700","Arlington Soccer Association","Gunston Middle School #1","2700 S Lang St, Arlington, VA 22206",38.848245,-77.067261,0.0982280431432974,0.0351487060641174
"165","51047930101","Culpeper Soccer Club","Culpeper Complex #3","16332 Cyclone Way, Culpeper, VA 22701",38.558201,-78.056116,0.161680598328201,0.0872246696035242
"166","51047930101","Culpeper Soccer Club","Culpeper Complex #1","16332 Cyclone Way, Culpeper, VA 22701",38.558201,-78.056116,0.161680598328201,0.0872246696035242
"167","51047930101","Culpeper Soccer Club","Culpeper Complex #4","16332 Cyclone Way, Culpeper, VA 22701",38.558201,-78.056116,0.161680598328201,0.0872246696035242
"168","51059415100","Lee-Mt. Vernon Sports Club","West Potomac HS Stadium","6500 Quander Road,, Alexandria, VA 22308",38.777955,-77.069837,0.154574986464537,0.097184623714131
"169","51059416000","Gunston Soccer Club","Mount Vernon High School Stadium","8515 Old Mt. Vernon Rd., Alexandria, VA 22309",38.725911,-77.094528,0.384628820960699,0.0951965065502183
"170","51059416000","Gunston Soccer Club","Mount Vernon High School RF#1","8515 Old Mt. Vernon Rd., Alexandria, VA 22309",38.725911,-77.094528,0.384628820960699,0.0951965065502183
"171","51059416100","Gunston Soccer Club","Grist Mill Park #4A (U9-12)","4710 Mount Vernon Memorial Highway, Alexandria, VA 22309",38.70777,-77.115377,0.194721249663345,0.0374360355507676
"172","51059416100","Gunston Soccer Club","Grist Mill Park # 5A (U9-U12)","4710 Mount Vernon Memorial Highway, Alexandria, VA 22309",38.70777,-77.115377,0.194721249663345,0.0374360355507676
"173","51059416100","Gunston Soccer Club","Grist Mill Park #4","4710 Mount Vernon Memorial Highway, Alexandria, VA 22309",38.70777,-77.115377,0.194721249663345,0.0374360355507676
"174","51059416100","Gunston Soccer Club","Grist Mill Park # 5B (U9-U12)","4710 Mount Vernon Memorial Highway, Alexandria, VA 22309",38.70777,-77.115377,0.194721249663345,0.0374360355507676
"175","51059416100","Gunston Soccer Club","Grist Mill Park #4B (U9-12)","4710 Mount Vernon Memorial Highway, Alexandria, VA 22309",38.70777,-77.115377,0.194721249663345,0.0374360355507676
"176","51059416200","Fairfax Police Youth Club","Draper Drive Park Turf 1","9797 Beech Drive, Fairfax, VA 22031",38.682451,-77.137189,0.434507173467486,0.0334160779071988
"177","51059416200","Fairfax Police Youth Club","Draper Drive Park Turf 2","9797 Beech Drive, Fairfax, VA 22031",38.682451,-77.137189,0.434507173467486,0.0334160779071988
"178","51059420100","Bara Futebol Clube","Franconia Park #4","6100 Cloud Dr, Springfield, VA 22150",38.78615,-77.160277,0.478517722878625,0.0861976369495167
"179","51059421002","Springfield South County Youth Club","Loisdale Park Field 1 - Turf","7601 Loisdale Road, Springfield, VA 22150",38.751912,-77.183757,0.486022364217252,0.0940495207667732
"180","51059421103","Springfield South County Youth Club","Hayfield High School Practice Turf #A","7630 Telegraph Rd, Alexandria, VA 22315",38.750999,-77.140602,0.364143426294821,0.0171314741035857
"181","51059421103","Springfield South County Youth Club","Hayfield High School Practice Turf","7630 Telegraph Rd, Alexandria, VA 22315",38.750999,-77.140602,0.364143426294821,0.0171314741035857
"182","51059421103","Springfield South County Youth Club","Hayfield High School Practice Turf #B","7630 Telegraph Rd, Alexandria, VA 22315",38.750999,-77.140602,0.364143426294821,0.0171314741035857
"183","51059421103","Springfield South County Youth Club","Hayfield High School Stadium","7630 Telegraph Rd, Alexandria, VA 22315",38.750999,-77.140602,0.364143426294821,0.0171314741035857
"184","51059422201","South County Athletic Association","South County HS Track Field","8501 Silverbrook RD, Lorton, VA 22079",38.719611,-77.237881,0.539994224660699,0.0179035518336702
"185","51059422201","South County Athletic Association","South County HS Stadium Turf","8501 Silverbrook RD, Lorton, VA 22079",38.719611,-77.237881,0.539994224660699,0.0179035518336702
"186","51059422201","South County Athletic Association","South County MS Turf #2B (small sided)","8700 Laurel Crest Dr, Lorton, VA 22079",38.71851,-77.233031,0.539994224660699,0.0179035518336702
"187","51059422201","South County Athletic Association","South County MS Turf #2A (small sided)","8700 Laurel Crest Dr, Lorton, VA 22079",38.71851,-77.233031,0.539994224660699,0.0179035518336702
"188","51059422301","Lee-Mt. Vernon Sports Club","Edison HS Aux Right","5801 Franconia Road, Alexandria, VA 22310",38.784071,-77.132531,0.373904576436222,0.0188250567997403
"189","51059422301","Lee-Mt. Vernon Sports Club","Edison High School Stadium Field","5801 Franconia Road, Alexandria, VA 22310",38.784071,-77.132531,0.373904576436222,0.0188250567997403
"190","51059422403","Lee-Mt. Vernon Sports Club","Lee District Park Lee District","6601 Telegraph Road, Alexandria, VA 22310",38.773422,-77.112776,0.195187165775401,0.0351413292589763
"191","51059422403","Lee-Mt. Vernon Sports Club","Lee District Park #4 Right","6601 Telegraph Road, Alexandria, VA 22310",38.773422,-77.112776,0.195187165775401,0.0351413292589763
"192","51059422403","Lee-Mt. Vernon Sports Club","Lee District Park #4 Left","6601 Telegraph Road, Alexandria, VA 22310",38.773422,-77.112776,0.195187165775401,0.0351413292589763
"193","51059430203","Braddock Road Youth Club","Robinson HS - Upper Turf Full","5035 Sideburn Rd, Fairfax, VA 22032",38.818277,-77.308684,0.2954796030871,0.0588019110621095
"194","51059430203","Braddock Road Youth Club","Robinson HS Stadium","5035 Sideburn Rd, Fairfax, VA 22032",38.818277,-77.308684,0.2954796030871,0.0588019110621095
"195","51059430203","Braddock Road Youth Club","Robinson HS - Upper Turf SS1","5035 Sideburn Rd, Fairfax, VA 22032",38.818277,-77.308684,0.2954796030871,0.0588019110621095
"196","51059431300","Springfield South County Youth Club","Rolling Valley West Park #2 - Turf","6512 Sydenstricker Road, Burke, VA 22015",38.775688,-77.267894,0.272619891330026,0.0122844318450272
"197","51059431600","Springfield South County Youth Club","Hooes Road Park #4A","7233 Hooes Road, Springfield, VA 22150",38.763769,-77.187225,0.387937743190661,0.0729125314278153
"198","51059431600","Springfield South County Youth Club","Hooes Road Park #2","7233 Hooes Road, Springfield, VA 22150",38.763769,-77.187225,0.387937743190661,0.0729125314278153
"199","51059431600","Springfield South County Youth Club","Hooes Road Park #3","7233 Hooes Road, Springfield, VA 22150",38.763769,-77.187225,0.387937743190661,0.0729125314278153
"200","51059431801","Burke Athletic Club","Lake Braddock  Secondary School Turf Field #2","9200 Burke Lake Road, Burke, Va 22015",38.800503,-77.26586,0.265905383360522,0.0331543310763484
"201","51059431801","Burke Athletic Club","Lake Braddock  Secondary School Stadium Field","9200 Burke Lake Road, Burke, Va 22015",38.800503,-77.26586,0.265905383360522,0.0331543310763484
"202","51059431801","Burke Athletic Club","Lake Braddock  Secondary School Bermuda Grass field","9200 Burke Lake Road, Burke, Va 22015",38.800503,-77.26586,0.265905383360522,0.0331543310763484
"203","51059440201","Premier Athletics Club","Luther Jackson Middle School #2","3020 Gallows Road, Falls Church, VA 22042",38.86809,-77.227465,0.506891271056662,0.0601071975497703
"204","51059440201","Premier Athletics Club","Luther Jackson Middle School #3","3020 Gallows Road, Falls Church, VA 22042",38.86809,-77.227465,0.506891271056662,0.0601071975497703
"205","51059440201","Vienna Youth Soccer","Luther Jackson Middle School #1","3020 Gallows Road, Falls Church, VA 22042",38.86809,-77.227465,0.506891271056662,0.0601071975497703
"206","51059440300","Bara Futebol Clube","Pine Ridge Park #4","3401 Woodburn Rd, Annandale, VA 22003",38.854019,-77.230663,0.211095100864553,0.0262968299711816
"207","51059440501","Braddock Road Youth Club","WT Woodson HS Stadium Turf","9525 Main St, Fairfax, VA 22032",38.841193,-77.273008,0.271887627477391,0.0472061657032755
"208","51059440501","Braddock Road Youth Club","WT Woodson HS West Turf - SS1","9525 Main St, Fairfax, VA 22032",38.841193,-77.273008,0.271887627477391,0.0472061657032755
"209","51059440501","Braddock Road Youth Club","WT Woodson HS West Turf - Full","9525 Main St, Fairfax, VA 22032",38.841193,-77.273008,0.271887627477391,0.0472061657032755
"210","51059440502","Fairfax Police Youth Club","Stafford Drive Park Turf 1","3300 Stafford Dr, Fairfax, VA 22030",38.833396,-77.300404,0.371880627733471,0.0455278001611604
"211","51059450602","Team America Football Club","Falls Church HS Rear Field - Turf","7521 Jaguar Trail, Falls Church, VA 22042",38.863217,-77.20779,0.546952595936795,0.121896162528217
"212","51059450602","Premier Athletics Club","Falls Church HS Practice Field","7521 Jaguar Trail, Falls Church, VA 22042",38.863217,-77.20779,0.546952595936795,0.121896162528217
"213","51059450602","Premier Athletics Club","Falls Church HS Stadium","7521 Jaguar Trail, Falls Church, VA 22042",38.863217,-77.20779,0.546952595936795,0.121896162528217
"214","51059451300","Annandale Boys & Girls Club","Stuart HS Stadium","3301 Peace Valley Ln, Falls Church, VA 22044",38.857475,-77.151259,0.23581847649919,0.0154786150712831
"215","51059452000","Annandale Boys & Girls Club","Mason District Park #3 Front Turf","6621 Columbia Pike, Annandale, VA 22003",38.836914,-77.172502,0.428263988522238,0.0875179340028694
"216","51059452200","Annandale Boys & Girls Club","Ossian Hall Park RF #01 (turf)","7900 Heritage Drive, Annandale, VA 22003",38.832428,-77.210893,0.460166973255978,0.101332199546485
"217","51059452200","Annandale Boys & Girls Club","Annandale HS Stadium","4700 Medford Dr, Annandale, VA 22003",38.823027,-77.207489,0.460166973255978,0.101332199546485
"218","51059452200","Annandale Boys & Girls Club","Annandale HS Track turf field","4700 Medford Dr, Annandale, VA 22003",38.823027,-77.207489,0.460166973255978,0.101332199546485
"219","51059452501","Team America Football Club","Plum Ctr ( old Edsall Park Ctr) RF #1","6815 Edsall Road, Springfield, VA 22151",38.806817,-77.182347,0.395732791465583,0.0464048954614992
"220","51059460100","Vienna Youth Soccer","Colvin Run ES Field #1","1400 Trap Road, Vienna, VA 22182",38.945224,-77.264926,0.300863930885529,0.0138708279150412
"221","51059460501","Vienna Youth Soccer","Freedom Hill ES 1","1945 Lord Fairfax Road, Vienna, VA",38.911259,-77.230355,0.295853567426223,0.0508031378408666
"222","51059460502","Vienna Youth Soccer","Dunn Loring #1","2334 Gallows Rd, Dunn Loring, VA 22027",38.895171,-77.22524,0.462667353244078,0.0479505027068832
"223","51059461000","Vienna Youth Soccer","James Madison HS","2500 James Madison Dr, Vienna, VA 22181",38.895865,-77.277639,0.277845281490482,0.044147428108546
"224","51059461500","Vienna Youth Soccer","Oakton HS 3L","2900 Sutton Rd., Vienna, VA 22181",38.881923,-77.28017,0.368748058403231,0.0254737496116806
"225","51059461500","Vienna Youth Soccer","Oakton HS 3","2900 Sutton Rd., Vienna, VA 22181",38.881923,-77.28017,0.368748058403231,0.0254737496116806
"226","51059461500","Vienna Youth Soccer","Oakton HS Stadium Turf","2900 Sutton Road, Vienna, VA 22181",38.881923,-77.28017,0.368748058403231,0.0254737496116806
"227","51059461500","Fairfax Police Youth Club","Oakton HS 3R","2900 Sutton Rd., Vienna, VA 22181",38.881923,-77.28017,0.368748058403231,0.0254737496116806
"228","51059461802","Vienna Youth Soccer","Oak Marr Park Field #2","3200 Jermantown Road, Oakton, VA 22124",38.873807,-77.31448,0.35859318346628,0.0155910079767948
"229","51059461802","Fairfax Police Youth Club","Oak Marr Park Field #1","3200 Jermantown Road, Oakton, VA 22124",38.873807,-77.31448,0.35859318346628,0.0155910079767948
"230","51059470400","McLean Youth Incorporated","Linway Terrace Park #1","6246 Linway Terrace, McLean, VA 22101",38.923995,-77.152667,0.114942528735632,0.0190097259062776
"231","51059470600","McLean Youth Incorporated","Spring Hill Rec Center #5","1239 Springhill Rd, McLean, VA 22101",38.934411,-77.185822,0.265513350883791,0.0349755547198195
"232","51059470600","McLean Youth Incorporated","Spring Hill Rec Center USSF Field # 2","1239 Springhill Rd, McLean, VA 22101",38.934411,-77.185822,0.265513350883791,0.0349755547198195
"233","51059470800","McLean Youth Incorporated","Lewinsville Park #2","1659 Chainbridge Rd, McLean, VA 22101",38.92958,-77.188549,0.285575679172057,0.0249029754204398
"234","51059470900","McLean Youth Incorporated","Police Field RF #1","1437 Balls Hills Rd, McLean, VA 22101",38.916378,-77.155901,0.179074154694529,0.0251878038002651
"235","51059471100","Vienna Youth Soccer","Marshall High School Soccer Field #1","7731 Leesburg Pike, Falls Church, VA 22043",38.908034,-77.213095,0.336874272409779,0.0376891734575087
"236","51059471401","Premier Athletics Club","Shrevewood ES #2 (small)","7525 Shreve Road, Falls Church, VA 22043",38.889275,-77.206867,0.387832699619772,0.0448669201520913
"237","51059471401","Premier Athletics Club","Shrevewood ES #3 (small)","7525 Shreve Road, Falls Church, VA 22043",38.889275,-77.206867,0.387832699619772,0.0448669201520913
"238","51059471401","Premier Athletics Club","Shrevewood ES #1 (large)","7525 Shreve Road, Falls Church, VA 22043",38.889275,-77.206867,0.387832699619772,0.0448669201520913
"239","51059480201","McLean Youth Incorporated","Spring Hill #5A","1239 Spring Hill Rd, McLean, VA 22102",38.946923,-77.22806,0.246888888888889,0.0248888888888889
"240","51059480202","Vienna Youth Soccer","Jones Branch Park #2 Small","8008 Jones Branch Road, Tysons, VA 22102",38.924718,-77.222389,0.399948625738505,0.05702543025944
"241","51059480202","Great Falls SC","Jones Branch Park #1 Large","8008 Jones Branch Road, Tysons, VA 22102",38.924718,-77.222389,0.399948625738505,0.05702543025944
"242","51059480401","Great Falls SC","Nike Park 7A","1085 Utterback Store Rd, Great Falls, VA 22066",38.993611,-77.329422,0.299367533380183,0.0133520730850316
"243","51059480401","Great Falls SC","Nike Park 4A","1085 Utterback Store Rd, Great Falls, VA 22066",38.993611,-77.329422,0.299367533380183,0.0133520730850316
"244","51059480401","Great Falls SC","Nike Park 4B","1085 Utterback Store Rd, Great Falls, VA 22066",38.993611,-77.329422,0.299367533380183,0.0133520730850316
"245","51059480401","Great Falls SC","Nike Park #4 (full-sided)","1085 Utterback Store Rd, Great Falls, VA 22066",38.993611,-77.329422,0.299367533380183,0.0133520730850316
"246","51059480401","Great Falls SC","Nike Park 7B","1085 Utterback Store Rd, Great Falls, VA 22066",38.993611,-77.329422,0.299367533380183,0.0133520730850316
"247","51059480401","Great Falls SC","Nike Park #8 (full-sided)","1085 Utterback Store Rd, Great Falls, VA 22066",38.993611,-77.329422,0.299367533380183,0.0133520730850316
"248","51059480401","Great Falls SC","Lockmeade Park #1","1104 Riva Ridge Drive, Great Falls, VA 22066",38.987986,-77.317321,0.299367533380183,0.0133520730850316
"249","51059480401","Great Falls SC","Nike Park #7 (full-sided)","1085 Utterback Store Rd, Great Falls, VA 22066",38.993611,-77.329422,0.299367533380183,0.0133520730850316
"250","51059480501","Great Falls SC","Grand Hamptons Park 1","1081 Safa Street, Herndon, VA 20170",39.007257,-77.362029,0.241159420289855,0.0272463768115942
"251","51059480503","Herndon Youth Soccer Association","Herndon High School Stadium Field","700 Bennett Street, Herndon, Va 20170",38.98458,-77.374082,0.206344586728754,0.0229918509895227
"252","51059480503","Herndon Youth Soccer Association","Herndon High School Auxiliary Field","700 Bennett Street, Herndon, Va 20170",38.98458,-77.374082,0.206344586728754,0.0229918509895227
"253","51059480901","Herndon Youth Soccer Association","Bready Park(at Herndon Community Center) Bready Park # 1A","814 Ferndale Ave, Herndon, Va 20170",38.97112,-77.394497,0.503101402373247,0.0995647442872688
"254","51059480901","Herndon Youth Soccer Association","Bready Park(at Herndon Community Center) Bready Park # 1B","814 Ferndale Ave, Herndon, Va 20170",38.97112,-77.394497,0.503101402373247,0.0995647442872688
"255","51059481000","Herndon Youth Soccer Association","Hutchison Park #4 (Turf)","13209 Parcher Ave, Herndon, VA 20170",38.960398,-77.403585,0.550972024656235,0.083399397494847
"256","51059481701","Chantilly Soccer Club","Fred Crabtree","2791 Fox Mill Rd, Herndon, VA 20171",38.914272,-77.364778,0.173969280517381,0.0160064672594988
"257","51059481900","Reston Soccer Association","Lake Fairfax #1","1400 Lake Fairfax Dr, Reston, VA 20190",38.965302,-77.316242,0.306949152542373,0.0923728813559322
"258","51059481900","Reston Soccer Association","Lake Fairfax #4","1400 Lake Fairfax Dr, Reston, VA 20190",38.965302,-77.316242,0.306949152542373,0.0923728813559322
"259","51059482100","Great Falls SC","Baron Cameron Park #10A","11300 Baron Cameron Avenue, Reston, VA 20190",38.973532,-77.333702,0.314341300722624,0.102006216445324
"260","51059482100","Great Falls SC","Baron Cameron Park #10B","11300 Baron Cameron Avenue, Reston, VA 20190",38.973532,-77.333702,0.314341300722624,0.102006216445324
"261","51059482303","Reston Soccer Association","South Lakes High School Upper Field #1B (Langston Hughes MS)","11400 South Lakes Drive, Reston, VA 20191",38.931199,-77.338304,0.141106043329532,0.00828571428571429
"262","51059482303","Reston Soccer Association","South Lakes High School Upper Field 11v11 (Langston Hughes MS)","11400 South Lakes Drive, Reston, VA 20191",38.931199,-77.338304,0.141106043329532,0.00828571428571429
"263","51059482303","Reston Soccer Association","South Lakes High School Stadium Field","11400 South Lakes Drive, Reston, VA 20191",38.931199,-77.338304,0.141106043329532,0.00828571428571429
"264","51059482303","Reston Soccer Association","South Lakes High School Upper Field #1A (Langston Hughes MS)","11400 South Lakes Drive, Reston, VA 20191",38.931199,-77.338304,0.141106043329532,0.00828571428571429
"265","51059482501","Chantilly Youth Association","Sully Highlands 2A","13800 Wall Road, Oak Hill, VA 20171",38.916652,-77.42205,0.642295866074479,0.0308620886003872
"266","51059482501","Chantilly Youth Association","Sully Highlands 2","13800 Wall Road, Oak Hill, VA 20171",38.916652,-77.42205,0.642295866074479,0.0308620886003872
"267","51059482501","Chantilly Youth Association","Sully Highlands 1B","13800 Wall Road, Oak Hill, VA 20171",38.916652,-77.42205,0.642295866074479,0.0308620886003872
"268","51059482501","Chantilly Youth Association","Sully Highlands 1A","13800 Wall Road, Oak Hill, VA 20171",38.916652,-77.42205,0.642295866074479,0.0308620886003872
"269","51059490103","Chantilly Youth Association","Westfield HS Turf","4700 Stonecroft Blvd, Chantilly, VA 20151",38.884315,-77.462053,0.255829787234043,0.0347234042553191
"270","51059491000","Southwestern Youth Association","SYA Complex #4","6626 Bull Run Post Office Road, Centreville, Va 20120",38.846114,-77.51509,0.237929318068691,0.00945744151319064
"271","51059491000","Southwestern Youth Association","SYA Complex #3A","6626 Bull Run Post Office Road, Centreville, Va 20120",38.846114,-77.51509,0.237929318068691,0.00945744151319064
"272","51059491000","Southwestern Youth Association","SYA Complex #2","6626 Bull Run Post Office Road, Centreville, Va 20120",38.846114,-77.51509,0.237929318068691,0.00945744151319064
"273","51059491301","Fredericksburg Soccer Club Inc","Bull Run Park #1","7700 Bull Run Dr, Centreville, VA 20121",38.802392,-77.490869,0.486430678466077,0.033210332103321
"274","51059491301","Fredericksburg Soccer Club Inc","Bull Run Park #4","7700 Bull Run Dr, Centreville, VA 20121",38.802392,-77.490869,0.486430678466077,0.033210332103321
"275","51059491301","VA Indpt Soccer Team Assoc.","Bull Run Park #3A","7700 Bull Run Dr, Centreville, VA 20121",38.802392,-77.490869,0.486430678466077,0.033210332103321
"276","51059491501","Chantilly Youth Association","Arrowhead #1","5200 Arrowhead Park Dr., Centreville, VA 20122",38.846819,-77.403855,0.686836089821165,0.0451056954355729
"277","51059491502","Chantilly Soccer Club","Poplar Tree Park #2","4718 Stringfellow Road, Chantilly, VA 20152",38.862151,-77.405794,0.334613611921954,0.0224788298691301
"278","51059491502","Chantilly Youth Association","Poplar Tree Park #3","4718 Stringfellow Road, Chantilly, VA 20152",38.862151,-77.405794,0.334613611921954,0.0224788298691301
"279","51059491803","Chantilly Youth Association","Chantilly High School Stadium Field","4201 Stringfellow Road, Chantilly, VA 20151",38.879477,-77.408676,0.338466276562981,0.048352325223283
"280","51059492000","Burke Athletic Club","Patriot Park (Fairfax) #1","12111 Braddock Road, Fairfax, VA 22030",38.829206,-77.36496,0.167444963308873,0.00984974958263773
"281","51059492202","Springfield South County Youth Club","South Run Field 6","7550 Reservation Dr, Springfield, VA",38.751854,-77.274419,0.241384345794392,0.0202978971962617
"282","51061930302","Warrenton Youth Sports Club","Marshall Northern Complex Soccer Field #1","4155 Monroe Parkway, Marshall, VA 20186",38.713249,-77.803367,0.160804020100503,0.0865267433987813
"283","51061930302","VA Indpt Soccer Team Assoc.","Highland School Turf","597 Broadview Avenue, Warrenton, VA 20186",38.73281,-77.802734,0.160804020100503,0.0865267433987813
"284","51061930401","VA Indpt Soccer Team Assoc.","Kettle Run High School Practice Field","7575 Rogues Rd, Nokesville, VA 20181",38.732309,-77.687494,0.0943021997836279,0.0307358524679082
"285","51069050801","Winchester Youth Soccer Club","Sherando #2","255 Lakeview Cir, Stephens City, VA 22655",39.073862,-78.184039,0.108567208271787,0.0907969405378732
"286","51069050801","Winchester Youth Soccer Club","Sherando 1-A","255 Lakeview Cir, Stephens City, VA 22655",39.073862,-78.184039,0.108567208271787,0.0907969405378732
"287","51069050801","Winchester Youth Soccer Club","Sherando #3","255 Lakeview Cir, Stephens City, VA 22655",39.073862,-78.184039,0.108567208271787,0.0907969405378732
"288","51069050801","Winchester Youth Soccer Club","Sherando #7 small","255 Lakeview Cir, Stephens City, VA 22655",39.073862,-78.184039,0.108567208271787,0.0907969405378732
"289","51069050801","Winchester Youth Soccer Club","Sherando #6 small","255 Lakeview Cir, Stephens City, VA 22655",39.073862,-78.184039,0.108567208271787,0.0907969405378732
"290","51107610201","Old Dominion Football Club","John Champe HS Turf 2","41535 Sacred Mountain Street, Aldie, VA 20105",39.197848,-77.717081,0.0787700084245998,0.0768744734625105
"291","51107610201","Old Dominion Football Club","John Champe HS B small","41535 Sacred Mountain Street, Aldie, VA 20105",39.197848,-77.717081,0.0787700084245998,0.0768744734625105
"292","51107610201","Old Dominion Football Club","John Champe HS A small","41535 Sacred Mountain Street, Aldie, VA 20105",39.197848,-77.717081,0.0787700084245998,0.0768744734625105
"293","51107610400","Leesburg Football Club","Morven Park #2","41793 Tutt Lane, Leesburg, VA 20176",39.14607,-77.55816,0.165673420738975,0.0215827338129496
"294","51107610400","Leesburg Football Club","Morven Park #5A","41793 Tutt Lane, Leesburg, VA 20176",39.14607,-77.55816,0.165673420738975,0.0215827338129496
"295","51107610400","Leesburg Football Club","Morven Park #1","41793 Tutt Lane, Leesburg, VA 20176",39.14607,-77.55816,0.165673420738975,0.0215827338129496
"296","51107610400","Leesburg Football Club","Morven Park #3","41793 Tutt Lane, Leesburg, VA 20176",39.14607,-77.55816,0.165673420738975,0.0215827338129496
"297","51107610503","Herndon Youth Soccer Association","Arrowbrook","2351 Feld Point Rd, Herndon, Va 20171",39.128712,-77.5383,0.338229508196721,0.0132459016393443
"298","51107610602","Leesburg Football Club","Evergreen Sportsplex #2","19623 Evergreen Mill Road, Leesburg, VA",39.089658,-77.571443,0.22400328812166,0.00945334977394164
"299","51107610602","FC Virginia United","Evergreen Sportsplex #1","19623 Evergreen Mill Road, Leesburg, VA",39.089658,-77.571443,0.22400328812166,0.00945334977394164
"300","51107610602","FC Virginia United","Evergreen Sportsplex #3","19623 Evergreen Mill Road, Leesburg, VA",39.089658,-77.571443,0.22400328812166,0.00945334977394164
"301","51107610602","FC Virginia United","Evergreen Sportsplex #4","19623 Evergreen Mill Road, Leesburg, VA",39.089658,-77.571443,0.22400328812166,0.00945334977394164
"302","51107611002","FCV ASHBURN","Bles Park #1","44830 Riverside Parkway, Ashburn, VA 20147",39.071225,-77.471634,0.52492781520693,0.15768777034998
"303","51107611002","FCV ASHBURN","Bles Park #2","44830 Riverside Parkway, Ashburn, VA 20147",39.071225,-77.471634,0.52492781520693,0.15768777034998
"304","51107611002","FCV ASHBURN","Bles Park #4","44830 Riverside Parkway, Ashburn, VA 20147",39.071225,-77.471634,0.52492781520693,0.15768777034998
"305","51107611002","FCV ASHBURN","Bles Park #3A","44830 Riverside Parkway, Ashburn, VA 20147",39.071225,-77.471634,0.52492781520693,0.15768777034998
"306","51107611009","Loudoun Soccer","Riverside HS Stadium","19019 Upper Belmont Pl, Leesburg, VA 20176",39.086497,-77.491949,0.309148264984227,0.0143927444794953
"307","51107611009","Loudoun Soccer","Riverside HS #2","19019 Upper Belmont Pl, Leesburg, VA 20176",39.086497,-77.491949,0.309148264984227,0.0143927444794953
"308","51107611202","Sterling Youth Soccer Association","Potomac Lakes-Paul Hencken Paul Hencken 7","20280 Cascades Parkway, Sterling, VA 20165",39.054282,-77.381757,0.231678986272439,0.0441835645677695
"309","51107611202","Sterling Youth Soccer Association","Potomac Lakes-Paul Hencken Paul Hencken 10","20280 Cascades Parkway, Sterling, VA 20165",39.054282,-77.381757,0.231678986272439,0.0441835645677695
"310","51107611202","Sterling Youth Soccer Association","Potomac Lakes-Paul Hencken Paul Hencken 6","20280 Cascades Parkway, Sterling, VA 20165",39.054282,-77.381757,0.231678986272439,0.0441835645677695
"311","51107611801","Loudoun Soccer","Eastgate Park #1","43664 Tall Cedars Parkway, Chantilly, VA",38.932825,-77.544356,0.43035157988429,0.0143895564456312
"312","51107611802","Old Dominion Football Club","Freedom HS Practice Field","25450 Riding Center Drive, South Riding, VA 20152",38.907266,-77.538832,0.553038302774311,0.0149498456790123
"313","51107611802","Loudoun Soccer","Conklin Park #3","25701 Donegal Drive, Chantilly, VA 20152",38.909615,-77.523422,0.553038302774311,0.0149498456790123
"314","51107611802","Loudoun Soccer","Conklin Park #2","25701 Donegal Drive, Chantilly, VA 20152",38.909615,-77.523422,0.553038302774311,0.0149498456790123
"315","51107611806","Loudoun Soccer","Byrnes Ridge #4","24915 Mineral Springs Circle, Aldie, VA 20105",38.928293,-77.552023,0.461091883443117,0.00636444841447075
"316","51107611806","Loudoun Soccer","Byrnes Ridge #5","24915 Mineral Springs Circle, Aldie, VA 20105",38.928293,-77.552023,0.461091883443117,0.00636444841447075
"317","51107611900","Loudoun Soccer","Lyndora #2A","43624 Lucketts Bridge Circle, Ashburn, VA 20148",38.991817,-77.496729,0.628374625041662,0.0155538273525164
"318","51107611900","Old Dominion Football Club","Rock Ridge HS Stadium Turf","43460 Loudoun Reserve Drive, Ashburn, VA 20148",38.976914,-77.50907,0.628374625041662,0.0155538273525164
"319","51153900100","Prince William Soccer Club","Tyrell Park Field #4","14350 Veterans Drive, Woodbridge, VA 22191",38.643521,-77.248754,0.363255535607421,0.056852184320766
"320","51153900100","Prince William Soccer Club","Tyrell Park Field #2","14350 Veterans Drive, Woodbridge, VA 22191",38.643521,-77.248754,0.363255535607421,0.056852184320766
"321","51153900203","Prince William Courage","Fred Lynn Middle School","1650 Prince William Parkway, Woodbridge, VA 22191",38.651201,-77.264105,0.547844998022934,0.170065333597307
"322","51153900501","Prince William Courage","Woodbridge Middle School","2201 York Dr, Woodbridge, VA 22191",38.650947,-77.278644,0.368221941992434,0.072736520854527
"323","51153901005","Prince William Soccer Club","Howison Park #3A","14716 Minnieville Road, Woodbridge, VA 22193",38.632035,-77.394756,0.407016871165644,0.00345092024539877
"324","51153901005","Prince William Soccer Club","Howison Park #1A","14716 Minnieville Road, Woodbridge, VA 22193",38.632035,-77.394756,0.407016871165644,0.00345092024539877
"325","51153901005","Prince William Soccer Club","Howison Park #2B","14716 Minnieville Road, Woodbridge, VA 22193",38.632035,-77.394756,0.407016871165644,0.00345092024539877
"326","51153901005","Prince William Soccer Club","Howison Park #1B","14716 Minnieville Road, Woodbridge, VA 22193",38.632035,-77.394756,0.407016871165644,0.00345092024539877
"327","51153901005","Prince William Soccer Club","Howison Park #3B","14716 Minnieville Road, Woodbridge, VA 22193",38.632035,-77.394756,0.407016871165644,0.00345092024539877
"328","51153901212","Prince William Courage","Hylton B&G Club","5070 Dale Blvd, Woodbridge, VA 22193",38.660283,-77.34731,0.775167391048984,0.0350052860331258
"329","51153901223","Woodbridge Soccer Club","Lake Ridge Middle School Football/Soccer Field","12350 Mohican Rd, Woodbridge, VA 22192",38.68507,-77.304076,0.304773948782801,0.0618360551767877
"330","51153901225","Prince William Soccer Club","Chinn Park #1","13001 Chinn Park Dr, Woodbridge, VA 22192",38.671223,-77.33093,0.398661774228362,0.0225778167470408
"331","51153901225","Prince William Soccer Club","Chinn Park #2","13001 Chinn Park Dr, Woodbridge, VA 22192",38.671223,-77.33093,0.398661774228362,0.0225778167470408
"332","51153901305","Northern Virginia Soccer Club","Valley View #5","11930 Valley View Drive, Bristow, VA 20136",38.70321,-77.533188,0.123643538309766,0.0437356132851036
"333","51153901305","Northern Virginia Soccer Club","Valley View #2","11930 Valley View Drive, Bristow, VA 20136",38.70321,-77.533188,0.123643538309766,0.0437356132851036
"334","51153901306","Northern Virginia Soccer Club","Hellwig Park #7","14420 Bristow Road, Manassas, VA 20112",38.641593,-77.449341,0.146337279121633,0.0144578313253012
"335","51153901306","Northern Virginia Soccer Club","Hellwig Park #8","14420 Bristow Road, Manassas, VA 20112",38.641593,-77.449341,0.146337279121633,0.0144578313253012
"336","51153901306","Northern Virginia Soccer Club","Hellwig Park #8A","14420 Bristow Road, Manassas, VA 20112",38.641593,-77.449341,0.146337279121633,0.0144578313253012
"337","51153901306","Northern Virginia Soccer Club","Hellwig Park #3","14420 Bristow Road, Manassas, VA 20112",38.641593,-77.449341,0.146337279121633,0.0144578313253012
"338","51153901417","Virginia Soccer Association","Patriot High School Stadium Turf Field","10504 Kettle Run Rd, Nokesville, VA 20181",38.727428,-77.577595,0.0484444444444444,0.0182222222222222
"339","51153901511","Virginia Soccer Association","Long Park Turf #5A","4603 James Madison Hwy, Haymarket, VA 20169",38.855814,-77.637931,0.179353493222106,0.00695168578380257
"340","51153901511","Virginia Soccer Association","Long Park #2A","4603 James Madison Hwy, Haymarket, VA 20169",38.855814,-77.637931,0.179353493222106,0.00695168578380257
"341","51153901511","Virginia Soccer Association","Long Park Turf #5","4603 James Madison Hwy, Haymarket, VA 20169",38.855814,-77.637931,0.179353493222106,0.00695168578380257
"342","51153901511","Virginia Soccer Association","Long Park Turf #7","4603 James Madison Hwy, Haymarket, VA 20169",38.855814,-77.637931,0.179353493222106,0.00695168578380257
"343","51153901511","Virginia Soccer Association","Long Park Turf #6A","4603 James Madison Hwy, Haymarket, VA 20169",38.855814,-77.637931,0.179353493222106,0.00695168578380257
"344","51153901511","Virginia Soccer Association","Long Park Turf #6","4603 James Madison Hwy, Haymarket, VA 20169",38.855814,-77.637931,0.179353493222106,0.00695168578380257
"345","51153901511","Virginia Soccer Association","Long Park #2","4603 James Madison Hwy, Haymarket, VA 20169",38.855814,-77.637931,0.179353493222106,0.00695168578380257
"346","51177020205","Fredericksburg FC","FFC Park @ Spotsylvania Sportsplex 11","1898 Mills Drive, Fredericksburg, VA 22408",38.231618,-77.405566,0.310822147651007,0.112886272861047
"347","51177020310","Fredericksburg Soccer Club Inc","Patriot Park (Fredericksburg) #5","5710 Smith Station Road, Fredericksburg, VA 22407",38.202253,-77.533716,0.236742000447527,0.0292973220416571
"348","51177020310","Fredericksburg Soccer Club Inc","Patriot Park (Fredericksburg) #3","5710 Smith Station Road, Fredericksburg, VA 22407",38.202253,-77.533716,0.236742000447527,0.0292973220416571
"349","51177020310","Fredericksburg Soccer Club Inc","Patriot Park (Fredericksburg) #6","5710 Smith Station Road, Fredericksburg, VA 22407",38.202253,-77.533716,0.236742000447527,0.0292973220416571
"350","51179010211","Stafford Soccer Club","Embrey Mill Park Field #3","1600 Mine Road, Stafford, VA 22554",38.464947,-77.419792,0.497261524418074,0.0837517115472387
"351","51179010211","Stafford Soccer Club","Embrey Mill Park Field #6","1600 Mine Road, Stafford, VA 22554",38.464947,-77.419792,0.497261524418074,0.0837517115472387
"352","51179010211","Stafford Soccer Club","Embrey Mill Park Field #2","1600 Mine Road, Stafford, VA 22554",38.464947,-77.419792,0.497261524418074,0.0837517115472387
"353","51179010211","Stafford Soccer Club","Embrey Mill Park Field #8","1600 Mine Road, Stafford, VA 22554",38.464947,-77.419792,0.497261524418074,0.0837517115472387
"354","51179010211","Stafford Soccer Club","Embrey Mill Park Field #1","1600 Mine Road, Stafford, VA 22554",38.464947,-77.419792,0.497261524418074,0.0837517115472387
"355","51179010211","Stafford Soccer Club","Embrey Mill Park Field #4A","1600 Mine Road, Stafford, VA 22554",38.464947,-77.419792,0.497261524418074,0.0837517115472387
"356","51179010211","Stafford Soccer Club","Embrey Mill Park Field #4B","1600 Mine Road, Stafford, VA 22554",38.464947,-77.419792,0.497261524418074,0.0837517115472387
"357","51179010211","Stafford Soccer Club","Embrey Mill Park Field #7","1600 Mine Road, Stafford, VA 22554",38.464947,-77.419792,0.497261524418074,0.0837517115472387
"358","51187020400","Front Royal Soccer Association","Skyline Soccerplex Field 3 U-14/Senior","100 Kerfoot Ave., Front Royal, VA 22630",38.921256,-78.205312,0.138209506229811,0.189655172413793
"359","51187020400","Front Royal Soccer Association","Skyline Soccerplex Field 2- U-12","100 Kerfoot Ave., Front Royal, VA 22630",38.921256,-78.205312,0.138209506229811,0.189655172413793
"360","51187020400","Front Royal Soccer Association","Skyline Soccerplex Field 8 U 14/Senior","100 Kerfoot Ave., Front Royal, VA 22630",38.921256,-78.205312,0.138209506229811,0.189655172413793
"361","51510200702","Alexandria Soccer Association","Limerick 1","400 Hoofs Run Drive, Alexandria, VA 22314",38.798206,-77.063018,0.205001033271337,0.0163541212385521
"362","51510200801","Alexandria Soccer Association","Brenman Park #1A","4800 Brenman Park Drive, Alexandria, VA 22301",38.810055,-77.067563,0.16031918752267,0.0228509249183896
"363","51510200801","Alexandria Soccer Association","Brenman Park - Soccer 1","4800 Brenman Park Drive, Alexandria, VA 22301",38.810055,-77.067563,0.16031918752267,0.0228509249183896
"364","51510201300","Alexandria Soccer Association","Simpson Soccer Field 2A","426 East Monroe Ave, Alexandria, VA 22301",38.820902,-77.054985,0.177562089637454,0.0171281758492721
"365","51510201300","Alexandria Soccer Association","Simpson Soccer Field 2B","426 East Monroe Ave, Alexandria, VA 22301",38.820902,-77.054985,0.177562089637454,0.0171281758492721
"366","51510201801","Alexandria Soccer Association","Witter Fields Complex #1a","2600 Witter Street, Alexandria, VA 22314",38.813125,-77.039281,0.241695303550974,0.0561374795417349
"367","51510201801","Alexandria Soccer Association","Witter Fields Complex #1b","2600 Witter Street, Alexandria, VA 22314",38.813125,-77.039281,0.241695303550974,0.0561374795417349
"368","51510201801","Alexandria Soccer Association","Witter Fields Complex #2","2600 Witter Street, Alexandria, VA 22314",38.813125,-77.039281,0.241695303550974,0.0561374795417349
"369","51510201801","Alexandria Soccer Association","Witter Fields Complex #1","2600 Witter Street, Alexandria, VA 22314",38.813125,-77.039281,0.241695303550974,0.0561374795417349
"370","51510201801","Alexandria Soccer Association","Witter Fields Complex #2a","2600 Witter Street, Alexandria, VA 22314",38.813125,-77.039281,0.241695303550974,0.0561374795417349
"371","51600300500","Fairfax Police Youth Club","Green Acres Center Field 1","4401 Sideburn Road, Fairfax, VA 22030",38.836079,-77.303983,0.245333333333333,0.0784650630011455
"372","51840000202","Winchester Youth Soccer Club","Handley High School Full size turf","425 Handley Blvd, Winchester, VA 22601",39.178796,-78.175489,0.149703823371028,0.0833784515430428
"373","51840000301","VA Indpt Soccer Team Assoc.","Shenandoah University Aikens Field","1460 University Dr, Winchester, VA 22601",39.166177,-78.159572,0.25390625,0.150831059290499
"374","51840000301","Virginia Blackwatch SC","Shenandoah University Track and Field Complex Field","1460 University Dr, Winchester, VA 22601",39.166177,-78.159572,0.25390625,0.150831059290499
"375","54003971101","Tri-County Soccer Club","Dupont Soccer Complex Field 7 (full sided)","499 Campus Drive, Martinsburg, WV 25404",39.538996,-77.901681,0.132829554995802,0.125506756756757
"376","54003971101","Tri-County Soccer Club","Spring Mills High School Turf Field","499 Campus Drive, Martinsburg, WV 25404",39.538996,-77.901681,0.132829554995802,0.125506756756757
"377","54037972201","Eastern Panhandle Inter County","Shepherd University Soccer Complex Field #1","675 University Dr, Shepherdstown, WV 25443",39.43967,-77.812018,0.134712837837838,0.0835443037974684
"378","54037972204","Tri-County Soccer Club","Morgan Grove Park Field 2  Small Sided (u12)","4198 kearneysville pike, shepherdstown, wv 25443",39.423311,-77.820357,0.0716069941715237,0.12094395280236
"379","54037972204","Tri-County Soccer Club","Morgan Grove Park Field 1 Small Sided (u10)","4198 kearneysville pike, shepherdstown, wv 25443",39.423311,-77.820357,0.0716069941715237,0.12094395280236
"380","54037972800","Eastern Panhandle Inter County","South Jefferson Park Field #1","4095 Leetown Rd., Summit Point, WV 25446",39.269505,-77.977711,0.054612773835236,0.191298981795742
